item_name,japanese_item_name,item_description,item_type,product_id,selling_price,cost,in_stock,reorder_amount,base_stock
Assault Vest,とつげきチョッキ,,Held,,100,500,39,9,100
Ability Capsule,とくせいカプセル,,Other,,100,"5,000",36,93,100
Amulet Coin,おまもりこばん,,Held,,100,"5,000",66,16,100
Armor Fossil,たてのカセキ,,Fossil,,"7,000","3,500",1,76,100
Air Mail,エアメール,,Mail,,50,25,9,51,100
Armorite Ore,ヨロイこうせき,,Other,,100,20,43,92,100
Absorb Bulb,きゅうこん,,Held,,100,"2,000",75,20,100
Air Balloon,ふうせん,,Held,,100,"2,000",17,82,100
Adrenaline Orb,ビビリだま,,"Battle, Held",,100,150,48,35,100
Amaze Mulch,とんでもこやし,,Other,,100,100,20,30,100
Antidote,どくけし,,Medicine,,200,100,19,20,100
Awakening,ねむけざまし,,Medicine,,200,100,33,44,100
Adamant Mint,いじっぱりミント,,Other,,100,10,73,98,100
Aguav Berry,バンジのみ,,Berry,,100,10,64,92,100
Apicot Berry,ズアのみ,,Berry,,100,10,38,27,100
Aspear Berry,ナナシのみ,,Berry,,100,10,4,19,100
Ability Patch,とくせいパッチ,,Other,,100,50,18,99,100
Abomasite,ユキノオナイト,,Mega Stone,,100,50,54,73,100
Absolite,アブソルナイト,,Mega Stone,,100,50,2,85,100
Acro Bike,ダートじてんしゃ,,Key,,100,50,25,68,100
Adamant Orb,こんごうだま,,Held,,"10,000",50,23,46,100
"Adventure Rules
Adventure Guide",たんけんこころえ,,Key,,100,50,65,1,100
Aerodactylite,プテラナイト,,Mega Stone,,100,50,71,46,100
Aggronite,ボスゴドラナイト,,Mega Stone,,100,50,83,21,100
Alakazite,フーディナイト,,Mega Stone,,100,50,36,74,100
Aloraichium Z,アロライＺ,,Z-Crystal,,100,50,91,11,100
Altarianite,チルタリスナイト,,Mega Stone,,100,50,87,30,100
Ampharosite,デンリュウナイト,,Mega Stone,,100,50,24,87,100
Apricorn Box,ぼんぐりケース,,Key,,100,50,86,93,100
Aqua Suit,アクアスーツ,,Key,,100,50,68,65,100
Armor Pass,ヨロイパス,,Key,,100,50,88,27,100
Audinite,タブンネナイト,,Mega Stone,,100,50,33,67,100
AuroraTicket[1],オーロラチケット,,Key,,100,50,95,24,100
Autograph,マチスのサイン,,Key,,100,50,12,90,100
Azure Flute[1],てんかいのふえ,,Key,,100,50,38,61,100
Babiri Berry,リリバのみ,,Berry,,100,10,83,39,100
Bach's Food Tin,バックのかんづめ,,Ingredient,,950,475,21,75,100
Balm Mushroom,おるキノコ,,Treasure,,100,"7,500",81,76,100
Band Autograph[2],バンドのサイン,,Key,,100,50,14,49,100
Banettite,ジュペッタナイト,,Mega Stone,,100,50,59,57,100
Basement Key,ちかのカギ,,Key,,100,50,58,47,100
Beach Glass,うみべのガラス,,Treasure,,100,400,83,13,100
Bead Mail,トレジャーメール,,Mail,,50,25,91,11,100
Beast Ball,ウルトラボール,,Poké Ball,,100,50,50,50,100
Beedrillite,スピアナイト,,Mega Stone,,100,50,74,53,100
Belue Berry,ベリブのみ,,Berry,,100,10,74,42,100
Berry,きのみ,,Berry,,100,10,74,46,100
Berry Juice,きのみジュース,,Medicine,,100,50,85,7,100
Berry Pots,きのみプランター,,Key,,100,50,3,56,100
Berry Pouch,きのみぶくろ,,Key,,100,50,46,45,100
Berry Sweet,ベリーアメざいく,,Held,,100,250,4,98,100
Berserk Gene,はかいのいでんし,,Held,,100,50,0,23,100
Bicycle,じてんしゃ,,Key,,100,50,72,65,100
Big Malasada,おおきいマラサダ,,Medicine,,100,175,58,26,100
Big Mushroom,おおきなキノコ,,Treasure,,100,"2,500",77,10,100
Big Nugget,でかいきんのたま,,Treasure,,100,"20,000",99,16,100
Big Pearl,おおきなしんじゅ,,Treasure,,100,"4,000",85,5,100
Big Root,おおきなねっこ,,Held,,100,"2,000",87,56,100
Bike Voucher,ひきかえけん,,Key,,100,50,79,90,100
Binding Band,しめつけバンド,,Held,,100,"2,000",3,23,100
Bitter Berry,にがいきのみ,,Berry,,100,10,42,70,100
Black Apricorn,くろぼんぐり,,Other,,100,50,96,98,100
Black Belt,くろおび,,Held,,100,500,41,33,100
Black Flute,くろいビードロ,,Other,,100,10,71,65,100
Black Glasses,くろいメガネ,,Held,,100,500,81,9,100
Black Mane Hair,くろいたてがみ,,Key,,100,50,71,56,100
Black Sludge,くろいヘドロ,,Held,,100,100,30,34,100
Blastoisinite,カメックスナイト,,Mega Stone,,100,50,18,29,100
Blazikenite,バシャーモナイト,,Mega Stone,,100,50,91,41,100
Bloom Mail,ブルームメール,,Mail,,50,25,79,46,100
Blue Apricorn,あおぼんぐり,,Other,,100,50,21,99,100
Blue Card,ブルーカード,,Key,,100,50,5,50,100
Blue Flute,あおいビードロ,,Other,,100,10,55,70,100
Blue Orb,あいいろのたま,,Held,,"10,000",50,15,10,100
Blue Petal,あおのはなびら,,Key,,100,50,77,66,100
Blue Scarf,あおいバンダナ,,Held,,100,50,88,51,100
Blue Shard,あおいかけら,,Other,,100,100,73,75,100
BlueSky Mail,あおぞらメール,,Mail,,50,25,84,99,100
Bluk Berry,ブリーのみ,,Berry,,100,10,98,85,100
Blunder Policy,からぶりほけん,,Held,,100,"2,000",46,8,100
Bob's Food Tin,ボブのかんづめ,,Ingredient,,950,475,24,73,100
Boiled Egg,ゆでタマゴ,,Ingredient,,"2,200","1,100",10,39,100
Bold Mint,ずぶといミント,,Other,,100,10,71,87,100
Boost Mulch,ぐんぐんこやし,,Other,,100,100,57,16,100
Bottle Cap,ぎんのおうかん,,Other,,100,"2,500",80,83,100
Brave Mint,ゆうかんミント,,Other,,100,10,62,64,100
Bread,しょくパン,,Ingredient,,150,75,93,58,100
Brick Mail,ブリックメール,,Mail,,50,25,28,92,100
Brick Piece,かわらのかけら,,Other,,100,50,97,73,100
BridgeMail D,ブリッジメールＨ,,Mail,,50,25,93,79,100
BridgeMail M,ブリッジメールＷ,,Mail,,50,25,72,0,100
BridgeMail S,ブリッジメールＳ,,Mail,,50,25,50,64,100
BridgeMail T,ブリッジメールＣ,,Mail,,50,25,65,13,100
BridgeMail V,ブリッジメールＶ,,Mail,,50,25,47,100,100
Bright Powder,ひかりのこな,,Held,,100,50,31,4,100
Brittle Bones,かぼそいホネ,,Ingredient,,950,475,56,42,100
Bubble Mail,ブルーメール,,Mail,,50,25,76,55,100
Bug Gem,むしのジュエル,,Held,,100,100,52,62,100
Bug Memory,バグメモリ,,Held,,100,500,69,44,100
Buginium Z,ムシZ,,Z-Crystal,,100,50,89,27,100
Burn Drive,ブレイズカセット,,Held,,100,50,80,79,100
Burn Heal,やけどなおし,,Medicine,,200,100,87,75,100
Burnt Berry,やけたきのみ,,Berry,,100,10,58,79,100
Calcium,リゾチウム,,Vitamin,,"10,000","5,000",55,14,100
Calm Mint,おだやかミント,,Other,,100,10,52,7,100
Cameruptite,バクーダナイト,,Mega Stone,,100,50,40,95,100
Camping Gear,キャンプセット,,Key,,100,50,95,95,100
Carbos,インドメタシン,,Vitamin,,"10,000","5,000",79,85,100
Card Key,カードキー,,Key,,100,50,42,8,100
Careful Mint,しんちょうミント,,Other,,100,10,41,90,100
Carrot Seeds,にんじんのダネ,,Key,,100,50,57,60,100
Casteliacone,ヒウンアイス,,Medicine,,100,175,79,26,100
Catching Charm,ゆれないおまもり,,Key,,100,50,100,19,100
Cell Battery,じゅうでんち,,Held,,100,"2,000",50,54,100
Chalky Stone,チョークいし,,Treasure,,100,30,86,66,100
Charcoal,もくたん,,Held,,100,500,11,66,100
Charizardite X,リザードナイトX,,Mega Stone,,100,50,16,5,100
Charizardite Y,リザードナイトY,,Mega Stone,,100,50,29,1,100
Charti Berry,ヨロギのみ,,Berry,,100,10,57,100,100
Cheri Berry,クラボのみ,,Berry,,100,10,55,5,100
Cherish Ball[3],プレジャスボール,,Poké Ball,,100,50,85,6,100
Chesto Berry,カゴのみ,,Berry,,100,10,11,61,100
Chilan Berry,ホズのみ,,Berry,,100,10,99,27,100
Chill Drive,フリーズカセット,,Held,,100,50,1,90,100
Chipped Pot,かけたポット,,Evolutionary,,100,10,27,31,100
Choice Band,こだわりハチマキ,,Held,,100,"2,000",40,46,100
Choice Scarf,こだわりスカーフ,,Held,,100,"2,000",34,17,100
Choice Specs,こだわりメガネ,,Held,,100,"2,000",98,29,100
Chople Berry,ヨプのみ,,Berry,,100,10,40,34,100
Claw Fossil,ツメのカセキ,,Fossil,,"7,000","3,500",53,13,100
Cleanse Tag,きよめのおふだ,,Held,,100,"2,500",14,97,100
Clear Bell,とうめいなスズ,,Key,,100,50,55,24,100
Clever Feather,せいしんのハネ,,Other,,100,150,41,25,100
Clover Sweet,よつばアメざいく,,Held,,100,250,14,94,100
Coba Berry,バコウのみ,,Berry,,100,10,27,26,100
Coconut Milk,ヤシのミルク,,Ingredient,,950,475,33,69,100
Coin Case,コインケース,,Key,,100,50,30,29,100
Colbur Berry,ナモのみ,,Berry,,100,10,63,50,100
Colress Machine,アクロママシーン,,Key,,100,50,80,96,100
Comet Shard,すいせいのかけら,,Treasure,,100,"12,500",42,24,100
Common Stone[2],ありふれたいし,,Key,,100,50,99,31,100
Contest Costume,"ライブスーツ
ライブドレス",,Key,,100,50,84,0,100
Contest Pass,コンテストパス,,Key,,100,50,50,89,100
Cornn Berry,モコシのみ,,Berry,,100,10,100,67,100
Coupon 1,ひきかえけん1,,Key,,100,50,0,80,100
Coupon 2,ひきかえけん2,,Key,,100,50,92,86,100
Coupon 3,ひきかえけん3,,Key,,100,50,7,61,100
Cover Fossil,ふたのカセキ,,Fossil,,100,"3,500",68,44,100
Cracked Pot,われたポット,,Evolutionary,,100,800,95,34,100
Crown Pass,カンムリパス,,Key,,100,50,77,17,100
Custap Berry,イバンのみ,,Berry,,100,10,71,15,100
Damp Mulch,じめじめこやし,,Other,,200,100,17,47,100
Damp Rock,しめったいわ,,Held,,100,"2,000",87,34,100
Dark Gem,あくのジュエル,,Held,,100,100,95,19,100
Dark Memory,ダークメモリ,,Held,,100,500,5,84,100
Dark Stone,ダークストーン,,Key,,100,50,63,54,100
Darkinium Z,あくZ,,Z-Crystal,,100,50,40,92,100
Data Card,データカード,,Other,,100,50,79,32,100
Dawn Stone,めざめいし,,Evolutionary,,100,"1,500",8,17,100
Decidium Z,ジュナイパーZ,,Z-Crystal,,100,50,81,58,100
Deep Sea Scale,しんかいのウロコ,,Held,,100,"1,000",64,13,100
Deep Sea Tooth,しんかいのキバ,,Held,,100,"1,000",56,97,100
Destiny Knot,あかいいと,,Held,,100,"2,000",6,86,100
Devon Parts,デボンのにもつ,,Key,,100,50,10,84,100
Devon Scope,デボンスコープ,,Key,,100,50,65,92,100
Devon Scuba Gear,デボンボンベ,,Key,,100,50,97,47,100
Diancite,ディアンシナイト,,Mega Stone,,100,50,79,96,100
Dire Hit,クリティカット,,Battle,,"1,000",500,19,30,100
Discount Coupon[1],バーゲンチケット,,Other,,100,10,58,62,100
Dive Ball,ダイブボール,,Poké Ball,,"1,000",500,5,15,100
DNA Splicers,いでんしのくさび,,Key,,100,50,62,40,100
Dome Fossil,こうらのカセキ,,Fossil,,100,"3,500",72,10,100
Douse Drive,アクアカセット,,Held,,100,50,3,18,100
Dowsing Machine,ダウジングマシン,,Key,,100,50,29,53,100
Draco Plate,りゅうのプレート,,Held,,100,500,32,88,100
Dragon Fang,りゅうのキバ,,Held,,100,500,43,59,100
Dragon Gem,ドラゴンジュエル,,Held,,100,100,55,91,100
Dragon Memory,ドラゴンメモリ,,Held,,100,500,97,3,100
Dragon Scale,りゅうのウロコ,,Evolutionary,,100,"1,000",97,96,100
Dragon Skull,ドラゴンのホネ,,Key,,100,50,3,69,100
Dragonium Z,ドラゴンZ,,Z-Crystal,,100,50,69,58,100
Dread Plate,こわもてプレート,,Held,,100,500,69,32,100
Dream Ball,ドリームボール,,Poké Ball,,100,50,46,4,100
Dream Mail,ドリームメール,,Mail,,50,25,96,8,100
Dropped Item,わすれもの,,Key,,100,50,56,91,100
Dubious Disc,あやしいパッチ,,Held,,100,"1,000",51,66,100
Durin Berry,ドリのみ,,Berry,,100,10,86,63,100
Dusk Ball,ダークボール,,Poké Ball,,"1,000",500,17,72,100
Dusk Stone,やみのいし,,Evolutionary,,100,"1,500",51,94,100
Dynamax Band,ダイマックスB,,Key,,100,50,95,6,100
Dynamax Candy,ダイマックスアメ,,Other,,100,50,52,42,100
Dynamax Crystals[1],ダイクリスタル,,Other,,100,10,5,1,100
Dynite Ore,マックスこうせき,,Other,,100,10,1,25,100
Earth Plate,だいちのプレート,,Held,,100,500,76,67,100
Eevium Z,イーブイZ,,Z-Crystal,,100,50,72,72,100
Egg Ticket,タマゴけん,,Key,,100,50,2,31,100
Eject Button,だっしゅつボタン,,Held,,100,"2,000",17,21,100
Eject Pack,だっしゅつパック,,Held,,100,"2,000",54,73,100
Electirizer,エレキブースター,,Evolutionary,,100,"1,000",65,75,100
Electric Gem,でんきのジュエル,,Held,,100,100,91,62,100
Electric Memory,エレクトロメモリ,,Held,,100,500,61,2,100
Electric Seed,エレキシード,,Held,,100,"2,000",89,38,100
Electrium Z,デンキＺ,,Z-Crystal,,100,50,40,25,100
Elevator Key,エレベーターのキー,,Key,,100,50,51,29,100
Elixir,ピーピーエイダー,,Medicine,,100,"1,500",69,13,100
Endorsement,すいせんじょう,,Key,,100,50,76,58,100
Energy Root,ちからのねっこ,,Medicine,,"1,200",600,92,85,100
Energy Powder,ちからのこな,,Medicine,,500,250,38,64,100
Enigma Berry,ナゾのみ,,Berry,,100,10,5,16,100
Enigma Stone[1],なぞのすいしょう,,Key,,100,50,98,23,100
Enigmatic Card,あやしいカード,,Key,,100,50,66,32,100
Eon Flute,むげんのふえ,,Key,,100,50,5,13,100
Eon Mail,ブイブイメール,,Mail,,50,25,86,27,100
Eon Ticket[1],むげんのチケット,,Key,,100,50,83,13,100
Escape Rope,あなぬけのヒモ,,Key[4],,100,50,49,6,100
Ether,ピーピーエイド,,Medicine,,100,600,58,39,100
Everstone,かわらずのいし,,Held,,100,"1,500",88,12,100
Eviolite,しんかのきせき,,Held,,100,"2,000",19,85,100
Exp. Candy L,けいけんアメL,,Other,,100,"1,500",89,42,100
Exp. Candy M,けいけんアメM,,Other,,100,500,88,93,100
Exp. Candy S,けいけんアメS,,Other,,100,120,0,34,100
Exp. Candy XL,けいけんアメXL,,Other,,100,"5,000",7,50,100
Exp. Candy XS,けいけんアメXS,,Other,,100,10,32,6,100
Exp. Charm,けいけんおまもり,,Key,,100,50,93,38,100
Exp. Share,がくしゅうそうち,,Key,,100,50,86,23,100
Expert Belt,たつじんのおび,,Held,,100,"2,000",72,42,100
Explorer Kit,たんけんセット,,Key,,100,50,75,82,100
Fab Mail,ミラクルメール,,Mail,,50,25,37,3,100
Fairium Z,フェアリーZ,,Z-Crystal,,100,50,11,8,100
Fairy Gem[2],フェアリージュエル,,Held,,100,100,73,3,100
Fairy Memory,フェアリーメモリ,,Held,,100,500,16,83,100
Fame Checker,ボイスチェッカー,,Key,,100,50,14,93,100
Fancy Apple,とくせんリンゴ,,Ingredient,,"2,200","1,100",35,45,100
Fashion Case,アクセサリーいれ,,Key,,100,50,81,36,100
Fast Ball,スピードボール,,Poké Ball,,100,50,79,12,100
Favored Mail,だいすきメール,,Mail,,50,25,94,66,100
Festival Ticket,フェスチケット,,Other,,100,5,40,46,100
Fighting Gem,かくとうジュエル,,Held,,100,100,19,17,100
Fighting Memory,ファイトメモリ,,Held,,100,500,7,35,100
Fightinium Z,カクトウZ,,Z-Crystal,,100,50,97,93,100
Figy Berry,フィラのみ,,Berry,,100,10,26,80,100
Fire Gem,ほのおのジュエル,,Held,,100,100,89,11,100
Fire Memory,ファイヤーメモリ,,Held,,100,500,93,33,100
Fire Stone,ほのおのいし,,Evolutionary,,100,"1,500",39,94,100
Firium Z,ホノオZ,,Z-Crystal,,100,50,42,22,100
Fishing Rod,つりざお,,Key,,100,50,24,75,100
Fist Plate,こぶしのプレート,,Held,,100,500,2,71,100
Flame Mail,フレイムメール,,Mail,,50,25,17,17,100
Flame Orb,かえんだま,,Held,,100,"2,000",32,32,100
Flame Plate,ひのたまプレート,,Held,,100,500,4,61,100
Float Stone,かるいし,,Held,,100,"2,000",22,28,100
Flower Mail,はながらメール,,Mail,,50,25,60,95,100
Flower Sweet,おはなアメざいく,,Held,,100,250,13,38,100
Fluffy Tail,エネコのシッポ,,Other,,100,50,9,71,100
Flying Gem,ひこうのジュエル,,Held,,100,100,83,50,100
Flying Memory,フライングメモリ,,Held,,100,500,35,43,100
Flyinium Z,ヒコウZ,,Z-Crystal,,100,50,43,96,100
Focus Band,きあいのハチマキ,,Held,,100,"2,000",33,37,100
Focus Sash,きあいのタスキ,,Held,,100,"2,000",65,88,100
Forage Bag,ざいりょうぶくろ,,Held,,100,50,39,100,100
Fossilized Bird,カセキのトリ,,Fossil,,100,"2,500",29,30,100
Fossilized Dino,カセキのクビナガ,,Fossil,,100,"2,500",98,9,100
Fossilized Drake,カセキのリュウ,,Fossil,,100,"2,500",46,16,100
Fossilized Fish,カセキのサカナ,,Fossil,,100,"2,500",88,43,100
Fresh Cream,しんせんクリーム,,Ingredient,,950,475,10,2,100
Fresh Water,おいしいみず,,Medicine,,200,100,5,89,100
Fried Food,フライもりあわせ,,Ingredient,,150,75,96,18,100
Friend Ball,フレンドボール,,Poké Ball,,100,50,33,40,100
Fruit Bunch,フサパック,,Ingredient,,"2,200","1,100",99,42,100
Full Heal,なんでもなおし,,Medicine,,400,200,86,85,100
Full Incense,まんぷくおこう,,Held,,"5,000","2,500",17,62,100
Full Restore,かいふくのくすり,,Medicine,,"3,500","1,500",88,83,100
Galactic Key,ギンガだんのカギ,,Key,,100,50,72,9,100
Galarica Cuff,ガラナツブレス,,Evolutionary,,100,"1,500",5,92,100
Galarica Twig,ガラナツのえだ,,Other,,100,20,35,18,100
Galarica Wreath,ガラナツリース,,Evolutionary,,100,"1,500",68,33,100
Galladite,エルレイドナイト,,Mega Stone,,100,"3,000",23,69,100
Ganlon Berry,リュガのみ,,Berry,,100,10,14,89,100
Gardevoirite,サーナイトナイト,,Mega Stone,,100,50,19,11,100
Garchompite,ガブリアスナイト,,Mega Stone,,100,50,66,94,100
GB Sounds,GBプレイヤー,,Key,,100,50,14,48,100
Gengarite,ゲンガナイト,,Mega Stone,,100,50,30,5,100
Genius Feather,ちりょくのハネ,,Other,,100,150,55,29,100
Gentle Mint,おとなしいミント,,Other,,100,10,33,17,100
Ghost Gem,ゴーストジュエル,,Held,,100,100,97,43,100
Ghost Memory,ゴーストメモリ,,Held,,100,500,79,50,100
Ghostium Z,ゴーストZ,,Z-Crystal,,100,50,71,24,100
Gigantamix,キョダイパウダー,,Ingredient,,100,"7,500",16,42,100
Glalitite,オニゴーリナイト,,Mega Stone,,100,50,42,23,100
Glitter Mail,キラキラメール,,Mail,,50,25,27,84,100
Go-Goggles,ゴーゴーゴーグル,,Key,,100,50,88,51,100
God Stone[2],ゴッドストーン,,Key,,100,50,53,44,100
Gold Berry,おうごんのみ,,Berry,,100,10,62,74,100
Gold Bottle Cap,きんのおうかん,,Other,,100,"5,000",58,83,100
Gold Leaf,きんのはっぱ,,Treasure,,100,500,45,15,100
Gold Teeth,きんのいれば,,Key,,100,50,74,93,100
Golden Nanab Berry,きんのナナのみ,,Berry,,100,"2,500",48,13,100
Golden Pinap Berry,きんのパイルのみ,,Berry,,100,"2,500",52,45,100
Golden Razz Berry,きんのズリのみ,,Berry,,100,"2,500",46,27,100
Good Rod,いいつりざお,,Key,,100,50,20,90,100
Gooey Mulch,ねばねばこやし,,Other,,100,100,48,14,100
Gorgeous Box,きりのはこ,,Other,,100,50,96,0,100
Gracidea,グラシデアのはな,,Key,,100,50,75,82,100
Grass Gem,くさのジュエル,,Held,,100,100,1,83,100
Grass Memory,グラスメモリ,,Held,,100,500,32,68,100
Grass Mail,グラスメール,,Mail,,50,25,19,54,100
Grassium Z,クサZ,,Z-Crystal,,100,50,58,73,100
Grassy Seed,グラスシード,,Held,,100,"2,000",57,96,100
Great Ball,スーパーボール,,Poké Ball,,600,300,3,71,100
Green Apricorn,みどぼんぐり,,Other,,100,50,34,48,100
Green Petal,みどりのはなびら,,Key,,100,50,1,36,100
Green Scarf,みどりのバンダナ,,Held,,100,50,10,30,100
Green Shard,みどりのかけら,,Other,,100,100,80,72,100
Greet Mail,はじめてメール,,Mail,,50,25,60,11,100
Grepa Berry,ウブのみ,,Berry,,100,10,28,6,100
Grip Claw,ねばりのかぎづめ,,Held,,100,"2,000",2,24,100
Griseous Orb,はっきんだま,,Held,,"10,000",50,29,20,100
Ground Gem,じめんのジュエル,,Held,,100,100,30,70,100
Ground Memory,グラウンドメモリ,,Held,,100,500,63,24,100
Groundium Z,ジメンZ,,Z-Crystal,,100,50,70,58,100
Growth Mulch,すくすくこやし,,Other,,100,100,10,98,100
Grubby Hanky,よごれたハンカチ,,Key,,100,50,12,48,100
GS Ball[1],ジーエスボール,,Key,,100,50,35,42,100
Guard Spec.,エフェクトガード,,Battle,,"1,500",750,33,91,100
Gyaradosite,ギャラドスナイト,,Mega Stone,,100,50,30,13,100
Haban Berry,ハバンのみ,,Berry,,100,10,74,96,100
Harbor Mail,ハーバーメール,,Mail,,50,25,72,97,100
Hard Stone,かたいいし,,Held,,100,500,87,12,100
Hasty Mint,せっかちミント,,Other,,100,10,56,36,100
Heal Ball,ヒールボール,,Poké Ball,,300,150,88,9,100
Heal Powder,ばんのうごな,,Medicine,,300,150,22,94,100
Health Feather,たいりょくのハネ,,Other,,100,150,92,78,100
Heart Mail,ラブラブメール,,Mail,,50,25,4,5,100
Heart Scale,ハートのウロコ,,Other,,100,50,81,43,100
Heat Rock,あついいわ,,Held,,100,"2,000",53,25,100
Heavy Ball,ヘビーボール,,Poké Ball,,100,50,19,90,100
Heavy-Duty Boots,あつぞこブーツ,,Held,,100,"2,000",75,11,100
Helix Fossil,かいのカセキ,,Fossil,,100,500,29,68,100
Heracronite,ヘラクロスナイト,,Mega Stone,,100,50,96,51,100
Hi-tech Earbuds,すごいみみせん,,Key,,100,50,10,68,100
Holo Caster,ホロキャスター,,Key,,100,50,99,33,100
Hondew Berry,ロメのみ,,Berry,,100,10,3,5,100
Honey,あまいミツ,,Treasure,,100,450,39,9,100
Honor of Kalos,カロスエンブレム,,Key,,100,50,62,35,100
Houndoominite,ヘルガナイト,,Mega Stone,,100,50,61,54,100
HP Up,マックスアップ,,Vitamin,,"10,000","5,000",52,38,100
Hyper Potion,すごいキズぐすり,,Medicine,,"1,500",750,13,83,100
Iapapa Berry,イアのみ,,Berry,,100,10,41,3,100
Ice Berry,こおったきのみ,,Berry,,100,10,68,91,100
Ice Gem,こおりのジュエル,,Held,,100,100,50,43,100
Ice Heal,こおりなおし,,Medicine,,200,100,77,39,100
Ice Memory,アイスメモリ,,Held,,100,500,81,22,100
Iceroot Carrot,つめたいにんじん,,Key,,100,50,75,53,100
Icicle Plate,つららのプレート,,Held,,100,500,13,94,100
Ice Stone,こおりのいし,,Evolutionary,,100,"1,500",2,8,100
Icium Z,コオリZ,,Z-Crystal,,100,50,70,22,100
Icy Rock,つめたいいわ,,Held,,100,"2,000",16,34,100
Ilima's Normalium Z,イリマのノーマルZ,,Key,,100,50,41,27,100
Impish Mint,わんぱくミント,,Other,,100,10,51,91,100
Incinium Z,ガオガエンZ,,Z-Crystal,,100,50,59,74,100
Inquiry Mail,しつもんメール,,Mail,,50,25,95,67,100
Insect Plate,たまむしプレート,,Held,,100,500,65,56,100
Instant Noodles,レトルトめん,,Ingredient,,150,75,47,58,100
Intriguing Stone,すごそうないし,,Key,,100,50,88,42,100
Iron,ブロムヘキシン,,Vitamin,,"10,000","5,000",29,79,100
Iron Ball,くろいてっきゅう,,Held,,100,"2,000",33,9,100
Iron Plate,こうてつプレート,,Held,,100,500,83,25,100
Itemfinder,ダウジングマシン,,Key,,100,50,27,95,100
Jaboca Berry,ジャポのみ,,Berry,,100,10,74,17,100
Jade Orb,もえぎいろのたま,,Key,,100,50,31,33,100
Jaw Fossil,アゴのカセキ,,Fossil,,"7,000","3,500",2,15,100
Jolly Mint,ようきミント,,Other,,100,10,42,0,100
Journal,ぼうけんノート,,Key,,100,50,0,7,100
Kangaskhanite,ガルーラナイト,,Mega Stone,,100,50,12,87,100
Kasib Berry,カシブのみ,,Berry,,100,10,89,89,100
Kebia Berry,ビアーのみ,,Berry,,100,10,16,10,100
Kee Berry,アッキのみ,,Berry,,100,10,78,59,100
Kelpsy Berry,ネコブのみ,,Berry,,100,10,97,18,100
Key Stone,キーストーン,,Key,,100,50,97,23,100
Key to Room 1,1ごうしつのカギ,,Key,,100,50,89,77,100
Key to Room 2,2ごうしつのカギ,,Key,,100,50,44,33,100
Key to Room 4,4ごうしつのカギ,,Key,,100,50,59,33,100
Key to Room 6,6ごうしつのカギ,,Key,,100,50,61,57,100
King's Rock,おうじゃのしるし,,Held,,100,"2,500",89,62,100
Kommonium Z,ジャラランガZ,,Z-Crystal,,100,50,65,15,100
Lagging Tail,こうこうのしっぽ,,Held,,100,"2,000",93,4,100
Lansat Berry,サンのみ,,Berry,,100,10,97,29,100
Large Leek,ふといながねぎ,,Ingredient,,"2,200","1,100",32,99,100
Latiasite,ラティアスナイト,,Mega Stone,,100,50,39,40,100
Latiosite,ラティオスナイト,,Mega Stone,,100,50,97,25,100
Lava Cookie,フエンせんべい,,Medicine,,100,175,2,4,100
Lax Incense,のんきのおこう,,Held,,"5,000","2,500",5,14,100
Lax Mint,のうてんきミント,,Other,,100,10,87,2,100
Leaf Letter,このはのおてがみ,,Other,,100,50,68,68,100
Leaf Stone,リーフのいし,,Evolutionary,,100,"1,500",74,6,100
Leek,ながねぎ,,Held,,100,500,64,2,100
Left Poké Ball,のこされたボール,,Key,,100,50,39,9,100
Leftovers,たべのこし,,Held,,100,"2,000",55,30,100
Lemonade,ミックスオレ,,Medicine,,350,200,8,88,100
Lens Case,レンズケース,,Key,,100,50,51,83,100
Leppa Berry,ヒメリのみ,,Berry,,100,10,68,48,100
Letter,ダイゴへのてがみ,,Key,,100,50,93,72,100
Level Ball,レベルボール,,Poké Ball,,100,50,40,29,100
Liberty Pass[1],リバティチケット,,Key,,100,50,53,36,100
Liechi Berry,チイラのみ,,Berry,,100,10,12,68,100
Life Orb,いのちのたま,,Held,,100,"2,000",18,0,100
Lift Key,エレベータのカギ,,Key,,100,50,94,14,100
Light Ball,でんきだま,,Held,,100,500,59,13,100
Light Clay,ひかりのねんど,,Held,,100,"2,000",9,35,100
Light Stone,ライトストーン,,Key,,100,50,9,33,100
Like Mail,おすすめメール,,Mail,,50,25,79,46,100
LiteBlueMail,みずいろメール,,Mail,,50,25,39,0,100
Lock Capsule[2],ロックカプセル,,Key,,100,50,67,68,100
Lonely Mint,さみしがりミント,,Other,,100,10,29,97,100
Lone Earring,かたっぽピアス,,Treasure,,100,300,92,52,100
Looker Ticket,ハンサムチケット,,Key,,100,50,38,19,100
Loot Sack,たからぶくろ,,Key,,100,50,75,40,100
Lopunnite,ミミロップナイト,,Mega Stone,,100,50,70,57,100
Lost Item,おとしもの,,Key,,100,50,12,92,100
Love Ball,ラブラブボール,,Poké Ball,,100,50,54,77,100
Love Sweet,ハートアメざいく,,Held,,100,250,100,45,100
Lovely Mail,ラブリーメール,,Mail,,50,25,59,78,100
Lucarionite,ルカリオナイト,,Mega Stone,,100,50,76,30,100
Luck Incense,こううんのおこう,,Held,,"11,000","5,500",34,39,100
Lucky Egg,しあわせタマゴ,,Held,,100,"5,000",16,15,100
Lucky Punch,ラッキーパンチ,,Held,,100,500,17,17,100
Lum Berry,ラムのみ,,Berry,,100,10,9,38,100
Luminous Moss,ひかりごけ,,Held,,100,"2,000",74,11,100
Lumiose Galette,ミアレガレット,,Medicine,,100,175,2,71,100
Lunalium Z,ルナアーラZ,,Z-Crystal,,100,50,89,50,100
Lunar Wing,みかづきのはね,,Key,,100,50,87,1,100
Lure,むしよせコロン,,Other,,400,200,31,20,100
Lure Ball,ルアーボール,,Poké Ball,,100,50,60,52,100
Lustrous Orb,しらたま,,Held,,"10,000",50,27,81,100
Luxury Ball,ゴージャスボール,,Poké Ball,,"3,000","1,500",70,79,100
Lycanium Z,ルガルガンZ,,Z-Crystal,,100,50,18,10,100
Mach Bike,マッハじてんしゃ,,Key,,100,50,61,54,100
Machine Part,きかいのぶひん,,Key,,100,50,47,65,100
Macho Brace,きょうせいギプス,,Held,,100,"1,500",82,41,100
Magma Emblem,マグマのしるし,,Key,,100,50,47,59,100
Magma Stone,かざんのおきいし,,Key,,100,50,22,0,100
Magma Suit,マグマスーツ,,Key,,100,50,8,40,100
Magmarizer,マグマブースター,,Evolutionary,,100,"1,000",6,63,100
Magnet,じしゃく,,Held,,100,500,59,63,100
Mago Berry,マゴのみ,,Berry,,100,10,58,33,100
Magost Berry,ゴスのみ,,Berry,,100,10,81,95,100
Makeup Bag,コスメポーチ,,Key,,100,50,81,13,100
Manectite,ライボルトナイト,,Mega Stone,,100,50,72,100,100
Maranga Berry,タラプのみ,,Berry,,100,10,63,97,100
Marble,ビーだま,,Treasure,,100,150,60,32,100
Mark Charm,あかしのおまもり,,Key,,100,50,78,2,100
Marshadium Z,マーシャドーZ,,Z-Crystal,,100,50,58,91,100
Master Ball,マスターボール,,Poké Ball,,100,50,82,7,100
Mawilite,クチートナイト,,Mega Stone,,100,50,13,69,100
Max Elixir,ピーピーマックス,,Medicine,,100,"2,250",56,8,100
Max Ether,ピーピーリカバー,,Medicine,,100,"1,000",65,7,100
Max Honey,ダイミツ,,Medicine,,100,"4,000",56,17,100
Max Lure,ゴールドコロン,,Other,,900,450,58,16,100
Max Mushrooms,ダイキノコ,,Battle,,100,"4,000",54,54,100
Max Potion,まんたんのくすり,,Medicine,,"2,500","1,250",83,28,100
Max Repel,ゴールドスプレー,,Other,,900,450,21,84,100
Max Revive,げんきのかたまり,,Medicine,,100,"2,000",24,84,100
Meadow Plate,みどりのプレート,,Held,,100,500,79,26,100
Mech Mail,メカニカルメール,,Mail,,50,25,54,56,100
Medal Box,メダルボックス,,Key,,100,50,67,2,100
Medichamite,チャーレムナイト,,Mega Stone,,100,50,29,37,100
Mega Bracelet,メガバングル,,Key,,100,50,10,45,100
Mega Charm[2],メガチャーム,,Key,,100,50,34,93,100
Mega Cuff[2],メガブレス,,Key,,100,50,54,12,100
Mega Ring,メガリング,,Key,,100,50,85,2,100
Member Card[1],メンバーズカード,,Key,,100,50,62,84,100
Mental Herb,メンタルハーブ,,Held,,100,"2,000",14,82,100
Metagrossite,メタグロスナイト,,Mega Stone,,100,50,64,8,100
Metal Coat,メタルコート,,Held,,100,1000,5,9,100
Metal Powder,メタルパウダー,,Held,,100,500,63,22,100
Meteorite,いんせき,,Key,,100,50,8,90,100
Meteorite Shard,いんせきのかけら,,Key,,100,50,17,51,100
Metronome,メトロノーム,,Held,,100,"2,000",63,53,100
Mewnium Z,ミュウZ,,Z-Crystal,,100,50,94,42,100
Mewtwonite X,ミュウツナイトX,,Mega Stone,,100,50,16,60,100
Mewtwonite Y,ミュウツナイトY,,Mega Stone,,100,50,28,32,100
Micle Berry,ミクルのみ,,Berry,,100,10,82,70,100
Mild Mint,おっとりミント,,Other,,100,10,88,11,100
Mimikium Z,ミミッキュZ,,Z-Crystal,,100,50,87,69,100
Mind Plate,ふしぎのプレート,,Held,,100,500,77,65,100
Mint Berry,はっかのみ,,Berry,,100,10,25,61,100
Miracle Seed,きせきのタネ,,Held,,100,500,76,90,100
MiracleBerry,きせきのみ,,Berry,,100,10,43,90,100
Mirage Mail,まぼろしメール,,Mail,,50,25,90,3,100
Misty Seed,ミストシード,,Held,,100,"2,000",91,100,100
Mixed Mushrooms,キノコパック,,Ingredient,,400,200,25,50,100
Modest Mint,ひかえめミント,,Other,,100,10,4,5,100
Moomoo Cheese,モーモーチーズ,,Ingredient,,"2,200","1,100",64,90,100
Moomoo Milk,モーモーミルク,,Medicine,,,300,29,80,100
Moon Ball,ムーンボール,,Poké Ball,,100,50,75,86,100
Moon Flute,つきのふえ,,Key,,100,50,67,78,100
Moon Stone,つきのいし,,Evolutionary,,100,"1,500",25,11,100
Morph Mail,へんしんメール,,Mail,,50,25,25,20,100
Mosaic Mail,,,Mail,,50,25,5,58,100
Muscle Band,ちからのハチマキ,,Held,,100,"2,000",87,4,100
Muscle Feather,きんりょくのハネ,,Other,,100,150,24,86,100
Music Mail,おんぷメール,,Mail,,50,25,4,96,100
Mystery Egg,ふしぎなタマゴ,,Key,,100,50,34,54,100
MysteryBerry,ふしぎなきのみ,,Berry,,100,10,40,7,100
Mystic Water,しんぴのしずく,,Held,,100,500,82,89,100
MysticTicket[1],しんぴのチケット,,Key,,100,50,8,58,100
N-Lunarizer,ネクロプラスルナ,,Key,,100,50,50,54,100
N-Solarizer,ネクロプラスソル,,Key,,100,50,63,86,100
Naive Mint,むじゃきミント,,Other,,100,10,3,11,100
Nanab Berry,ナナのみ,,Berry,,100,10,69,15,100
Naughty Mint,やんちゃミント,,Other,,100,10,52,53,100
Nest Ball,ネストボール,,Poké Ball,,"1,000",500,97,1,100
Net Ball,ネットボール,,Poké Ball,,"1,000",500,18,29,100
Never-Melt Ice,とけないこおり,,Held,,100,500,10,47,100
Nomel Berry,ノメルのみ,,Berry,,100,10,96,3,100
Normal Box,きのはこ,,Other,,100,5,4,51,100
Normal Gem,ノーマルジュエル,,Held,,100,100,22,90,100
Normalium Z,ノーマルZ,,Z-Crystal,,100,50,47,14,100
Nugget,きんのたま,,Treasure,,100,"5,000",24,34,100
Oak's Letter [1],オーキドのてがみ,,Key,,100,50,65,48,100
Oak's Parcel,おとどけもの,,Key,,100,50,32,87,100
Occa Berry,オッカのみ,,Berry,,100,10,100,97,100
Odd Incense,あやしいおこう,,Held,,"2,000","1,000",59,6,100
Odd Keystone,かなめいし,,Other,,100,"1,050",44,26,100
Old Amber,ひみつのコハク,,Fossil,,100,500,20,19,100
Old Charm,こだいのおまもり,,Key,,100,50,99,52,100
Old Gateau,もりのヨウカン,,Medicine,,100,175,45,78,100
Old Letter,ふるびたてがみ,,Key,,100,50,95,50,100
Old Rod,ボロのつりざお,,Key,,100,50,95,81,100
Old Sea Map[1],ふるびたかいず,,Key,,100,50,20,16,100
Oran Berry,オレンのみ,,Berry,,100,10,96,27,100
Orange Mail,オレンジメール,,Mail,,50,25,22,32,100
Orange Petal,だいだいはなびら,,Key,,100,50,33,82,100
Oval Charm,まるいおまもり,,Key,,100,50,74,34,100
Oval Stone,まんまるいし,,Evolutionary,,100,"1,000",2,3,100
Pack of Potatoes,ポテトパック,,Ingredient,,400,200,66,70,100
Packaged Curry,レトルトカレー,,Ingredient,,950,475,31,81,100
Pair of Tickets,ペアチケット,,Key,,100,50,56,9,100
Pal Pad,ともだちてちょう,,Key,,100,50,26,28,100
Pamtre Berry,シーヤのみ,,Berry,,100,10,61,61,100
Paralyze Heal,まひなおし,,Medicine,,200,100,99,19,100
Parcel,おとどけもの,,Key,,100,50,67,33,100
Park Ball,パークボール,,Poké Ball,,100,50,21,37,100
Pass,リニアパス,,Key,,100,50,80,3,100
Pass Orb,デルダマ,,Other,,100,100,4,93,100
Passho Berry,イトケのみ,,Berry,,100,10,35,44,100
Pasta,パスタ,,Ingredient,,150,75,35,9,100
Payapa Berry,ウタンのみ,,Berry,,100,10,14,82,100
Pearl,しんじゅ,,Treasure,,100,"1,000",24,80,100
Pearl String,おだんごしんじゅ,,Treasure,,100,"10,000",77,45,100
Pecha Berry,モモンのみ,,Berry,,100,10,85,70,100
Permit,きょかしょう,,Key,,100,50,36,57,100
Persim Berry,キーのみ,,Berry,,100,10,91,48,100
Petaya Berry,ヤタピのみ,,Berry,,100,10,4,21,100
Pewter Crunchies,ニビあられ,,Medicine,,100,175,23,29,100
Photo Album,フォトアルバム,,Key,,100,50,36,72,100
Pidgeotite,ピジョットナイト,,Mega Stone,,100,50,54,18,100
Pikanium Z,ピカチュウZ,,Z-Crystal,,100,50,60,1,100
Pikashunium Z,サトピカZ,,Z-Crystal,,100,50,76,46,100
Pinap Berry,パイルのみ,,Berry,,100,10,87,16,100
Pink Apricorn,ももぼんぐり,,Other,,100,50,36,100,100
Pink Bow,ピンクのリボン,,Held,,100,15,93,56,100
Pink Nectar,うすもものミツ,,Other,,100,150,67,69,100
Pink Petal,ももいろはなびら,,Key,,100,50,16,45,100
Pink Scarf,ピンクのバンダナ,,Held,,100,50,57,45,100
Pinsirite,カイロスナイト,,Mega Stone,,100,50,47,19,100
Pixie Plate,せいれいプレート,,Held,,100,500,31,88,100
Plasma Card,プラズマカード,,Key,,100,50,7,24,100
Plume Fossil,はねのカセキ,,Fossil,,"7,000","3,500",64,83,100
Poffin Case,ポフィンケース,,Key,,100,50,87,70,100
Point Card,ポイントカード,,Key,,100,50,0,42,100
Poison Barb,どくバリ,,Held,,100,500,80,41,100
Poison Gem,どくのジュエル,,Held,,100,100,26,98,100
Poison Memory,ポイズンメモリ,,Held,,100,500,98,93,100
Poisonium Z,ドクZ,,Held,,100,50,16,96,100
Poké Ball,モンスターボール,,Poké Ball,,200,100,3,16,100
Poké Doll,ピッピにんぎょう,,Other,,300,150,31,25,100
Poké Flute,ポケモンのふえ,,Key,,100,50,0,96,100
Poké Radar,ポケモントレーサー,,Key,,100,50,12,32,100
Poké Toy,ポケじゃらし,,Other,,100,50,84,44,100
Pokéblock Case,ポロックケース,,Key,,100,50,47,38,100
Pokéblock Kit,ポロックキット,,Key,,100,50,16,82,100
Pokémon Box Link,ポケモンボックス,,Key[5],,100,50,81,63,100
Polished Mud Ball,ピカピカだんご,,Treasure,,100,600,78,66,100
Polkadot Bow,みずたまリボン,,Held,,100,50,60,45,100
Pomeg Berry,ザロクのみ,,Berry,,100,10,74,87,100
PortraitMail,にがおえメール,,Mail,,50,25,11,63,100
Potion,キズぐすり,,Medicine,,200,100,71,1,100
Powder Jar,こないれ,,Key,,100,50,44,94,100
Power Anklet,パワーアンクル,,Held,,100,"1,500",23,5,100
Power Band,パワーバンド,,Held,,100,"1,500",10,29,100
Power Belt,パワーベルト,,Held,,100,"1,500",8,11,100
Power Bracer,パワーリスト,,Held,,100,"1,500",19,79,100
Power Herb,パワフルハーブ,,Held,,100,"2,000",89,93,100
Power Lens,パワーレンズ,,Held,,100,"1,500",54,64,100
Power Plant Pass,はつでんしょパス,,Key,,100,50,10,90,100
Power Weight,パワーウエイト,,Held,,100,"1,500",50,77,100
PP Max,ポイントマックス,,Vitamin,,100,"5,000",13,55,100
PP Up,ポイントアップ,,Vitamin,,100,"5,000",23,68,100
Precooked Burger,レトルトバーグ,,Ingredient,,150,75,90,3,100
Premier Ball,プレミアボール,,Poké Ball,,100,10,57,9,100
Pretty Feather,きれいなハネ,,Treasure,,100,500,98,68,100
Primarium Z,アシレーヌZ,,Z-Crystal,,100,50,84,9,100
Prism Scale,きれいなウロコ,,Held,,100,"1,000",15,6,100
Prison Bottle[1],いましめのツボ,,Key,,100,50,100,57,100
Prof's Letter,はかせのてがみ,,Key,,100,50,73,63,100
Professor's Mask,はかせのふくめん,,Key,,100,50,60,73,100
Prop Case,グッズケース,,Key,,100,50,41,77,100
Protector,プロテクター,,Held,,100,"1,000",96,11,100
Protective Pads,ぼうごパット,,Held,,100,"2,000",11,25,100
Protein,タウリン,,Vitamin,,"10,000","5,000",31,56,100
PRZCureBerry,まひなおしのみ,,Berry,,100,10,82,54,100
PSNCureBerry,どくけしのみ,,Berry,,100,10,39,40,100
Psychic Gem,エスパージュエル,,Held,,100,100,57,5,100
Psychic Memory,サイコシード,,Held,,100,500,53,0,100
Psychic Seed,サイキックメモリ,,Held,,100,"2,000",0,25,100
Psychium Z,エスパーZ,,Z-Crystal,,100,50,34,97,100
Pungent Root,みずべのハーブ,,Ingredient,,100,475,86,7,100
Pure Incense,きよめのおこう,,Held,,"6,000","3,000",11,20,100
Purple Nectar,むらさきのミツ,,Other,,100,150,40,77,100
Purple Petal,むらさきはなびら,,Key,,100,50,97,30,100
Qualot Berry,タポルのみ,,Berry,,100,10,45,3,100
Quick Ball,クイックボール,,Poké Ball,,"1,000",500,16,25,100
Quick Claw,せんせいのツメ,,Held,,100,"2,000",19,12,100
Quick Powder,スピードパウダー,,Held,,100,500,7,82,100
Quiet Mint,れいせいミント,,Other,,100,10,91,69,100
Rabuta Berry,ラブタのみ,,Berry,,100,10,48,29,100
Radiant Petal,かがやくはなびら,,Key,,100,50,38,97,100
Rage Candy Bar,いかりまんじゅう,,Medicine[6],,100,175,40,92,100
Rainbow Flower,にじいろのはな,,Key,,100,50,81,30,100
Rainbow Wing,にじいろのはね,,Key,,100,50,14,65,100
Rare Bone,きちょうなホネ,,Treasure,,100,"2,500",43,96,100
Rare Candy,ふしぎなアメ,,Other,,100,"5,000",32,44,100
Rash Mint,うっかりやミント,,Other,,100,10,99,4,100
Rawst Berry,チーゴのみ,,Berry,,100,10,69,46,100
Razor Claw,するどいツメ,,Held,,100,"2,500",2,39,100
Razor Fang,するどいキバ,,Held,,100,"2,500",38,81,100
Razz Berry,ズリのみ,,Berry,,100,10,22,76,100
Reaper Cloth,れいかいのぬの,,Held,,100,"1,000",9,31,100
Red Apricorn,あかぼんぐり,,Other,,100,50,13,88,100
Red Card,レッドカード,,Held,,100,"2,000",60,81,100
Red Chain[2],あかいくさり,,Key,,100,50,30,5,100
Red Flute,あかいビードロ,,Other,,100,10,5,68,100
Red Nectar,くれないのミツ,,Other,,100,150,56,96,100
Red Orb,べにいろのたま,,Held,,"10,000",50,31,82,100
Red Petal,あかのはなびら,,Key,,100,50,22,57,100
Red Scale,あかいウロコ,,Key,,100,50,26,28,100
Red Scarf,あかいバンダナ,,Held,,100,50,79,44,100
Red Shard,あかいかけら,,Other,,100,500,5,92,100
Reins of Unity,キズナのタヅナ,,Key,,100,50,41,10,100
Relaxed Mint,のんきミント,,Other,,100,10,81,95,100
Relic Band,こだいのうでわ,,Treasure,,100,50,28,59,100
Relic Copper,こだいのどうか,,Treasure,,100,50,68,70,100
Relic Crown,こだいのおうかん,,Treasure,,100,50,49,3,100
Relic Gold,こだいのきんか,,Treasure,,100,"30,000",10,63,100
Relic Silver,こだいのぎんか,,Treasure,,100,50,14,74,100
Relic Statue,こだいのせきぞう,,Treasure,,100,50,58,93,100
Relic Vase,こだいのツボ,,Treasure,,100,50,44,42,100
Repeat Ball,リピートボール,,Poké Ball,,"1,000",500,69,12,100
Repel,むしよけスプレー,,Other,,400,200,71,50,100
Reply Mail,おかえしメール,,Mail,,50,25,28,82,100
Resist Feather,ていこうのハネ,,Other,,100,150,89,62,100
Retro Mail,レトロメール,,Mail,,50,25,97,57,100
Reveal Glass,うつしかがみ,,Key,,100,50,11,65,100
Revival Herb,ふっかつそう,,Medicine,,"2,800","1,400",78,77,100
Revive,げんきのかけら,,Medicine,,"2,000","1,000",7,82,100
Ribbon Sweet,リボンアメざいく,,Held,,100,250,65,44,100
Rich Mulch,たわわこやし,,Other,,100,100,45,31,100
Ride Pager[2],ライドギア,,Key,,100,50,52,80,100
Rindo Berry,リンドのみ,,Berry,,100,10,32,82,100
Ring Target,ねらいのまと,,Held,,100,"2,000",12,34,100
Rock Gem,いわのジュエル,,Held,,100,100,99,2,100
Rock Incense,がんせきおこう,,Held,,"2,000","1,000",79,42,100
Rock Memory,ロックメモリ,,Held,,100,500,66,67,100
Rockium Z,イワZ,,Z-Crystal,,100,50,63,58,100
Rocky Helmet,ゴツゴツメット,,Held,,100,"2,000",19,98,100
Roller Skates,ローラースケート,,Key,,100,50,15,94,100
Room Service,ルームサービス,,Held,,100,"2,000",22,56,100
Root Fossil,ねっこのカセキ,,Fossil,,"7,000","3,500",36,34,100
Rose Incense,おはなのおこう,,Held,,"2,000","1,000",35,56,100
Roseli Berry,ロゼルのみ,,Berry,,100,10,77,62,100
Rotom Bike,ロトムじてんしゃ,,Key,,100,50,37,40,100
Rotom Catalog,ロトムのカタログ,,Key,,100,50,69,6,100
Rowap Berry,レンブのみ,,Berry,,100,10,64,55,100
RSVP Mail,おさそいメール,,Mail,,50,25,51,12,100
Ruby,ルビー,,Key,,100,50,5,94,100
Rule Book[2],ルールブック,,Key,,100,50,53,57,100
Rusted Shield,くちたたて,,Held,,100,50,49,3,100
Rusted Sword,くちたけん,,Held,,100,50,50,5,100
S.S. Ticket,ふねのチケット,,Key,,100,50,44,67,100
Sablenite,ヤミラミナイト,,Mega Stone,,100,50,69,24,100
Sachet,においぶくろ,,Held,,100,"1,000",88,30,100
Sacred Ash,せいなるはい,,Medicine,,100,"25,000",97,6,100
Safari Ball,サファリボール,,Poké Ball,,100,50,45,58,100
Safety Goggles,ぼうじんゴーグル,,Held,,100,"2,000",44,86,100
Sail Fossil,ヒレのカセキ,,Fossil,,"7,000","3,500",99,16,100
Salac Berry,カムラのみ,,Berry,,100,10,35,60,100
Salad Mix,やさいパック,,Ingredient,,400,200,2,16,100
Salamencite,ボーマンダナイト,,Mega Stone,,100,50,4,47,100
Sapphire,サファイア,,Key,,100,50,57,47,100
Sassy Mint,なまいきミント,,Other,,100,10,74,90,100
Sausages,あらびきヴルスト,,Ingredient,,400,200,11,70,100
Scanner,たんちき,,Key,,100,50,13,50,100
Sceptilite,ジュカインナイト,,Mega Stone,,100,50,97,41,100
Scizorite,ハッサムナイト,,Mega Stone,,100,50,6,55,100
Scope Lens,ピントレンズ,,Held,,100,"2,000",75,7,100
Sea Incense,うしおのおこう,,Held,,"2,000","1,000",44,44,100
Seal Bag[2],シールぶくろ,,Key,,100,50,87,36,100
Seal Case,シールいれ,,Key,,100,50,41,93,100
Secret Key[1],ひみつのカギ,,Key,,100,50,88,78,100
Secret Potion,ひでんのくすり,,Key,,100,50,92,7,100
Serious Mint,まじめミント,,Other,,100,10,76,66,100
Shaderoot Carrot,くろいにんじん,,Key,,100,50,9,78,100
Shadow Mail,シャドーメール,,Mail,,50,25,40,26,100
Shalour Sable,シャラサブレ,,Medicine,,100,175,15,6,100
Sharp Beak,するどいくちばし,,Held,,100,500,27,6,100
Sharpedonite,サメハダナイト,,Mega Stone,,100,50,42,17,100
Shed Shell,きれいなぬけがら,,Held,,100,"2,000",52,30,100
Shell Bell,かいがらのすず,,Held,,100,"2,000",71,22,100
Shiny Charm,ひかるおまもり,,Key,,100,50,99,28,100
Shiny Stone,ひかりのいし,,Evolutionary,,100,"1,500",46,12,100
Shoal Salt,あさせのしお,,Other,,100,10,48,35,100
Shoal Shell,あさせのかいがら,,Other,,100,10,14,38,100
Shock Drive,イナズマカセット,,Held,,100,50,81,16,100
Shuca Berry,シュカのみ,,Berry,,100,10,89,75,100
Silk Scarf,シルクのスカーフ,,Held,,100,500,91,22,100
Silph Scope,シルフスコープ,,Key,,100,50,77,59,100
Silver Leaf,ぎんのはっぱ,,Other,,100,500,54,49,100
Silver Nanab Berry,ぎんのナナのみ,,Berry,,100,500,98,1,100
Silver Pinap Berry,ぎんのパイルのみ,,Berry,,100,500,14,99,100
Silver Powder,ぎんのこな,,Held,,100,500,54,48,100
Silver Razz Berry,きんのズリのみ,,Berry,,100,500,49,92,100
Silver Wing,ぎんいろのはね,,Key,,100,50,42,20,100
Sitrus Berry,オボンのみ,,Berry,,100,10,46,18,100
Skull Fossil,ずがいのカセキ,,Fossil,,"7,000","3,500",97,43,100
Sky Plate,あおぞらプレート,,Held,,100,500,12,30,100
Slowbronite,ヤドランナイト,,Mega Stone,,100,50,9,17,100
Slowpoke Tail[2][7],おいしいシッポ,,Key,,100,50,73,43,100
Small Bouquet,ちいさなはなたば,,Other,,100,50,11,41,100
Smoke Ball,けむりだま,,Held,,100,"2,000",98,34,100
Smoke-Poke Tail,しっぽのくんせい,,Ingredient,,"2,200","1,100",48,62,100
Smooth Rock,さらさらいわ,,Held,,100,"2,000",73,85,100
Snorlium Z,カビゴンZ,,Z-Crystal,,100,50,89,69,100
Snowball,ゆきだま,,Held,,100,"2,000",41,76,100
Snow Mail,ブリザードメール,,Mail,,50,25,32,14,100
Soda Pop,サイコソーダ,,Medicine,,300,150,78,88,100
Soft Sand,やわらかいすな,,Held,,100,500,42,87,100
Solganium Z,ソルガレオZ,,Z-Crystal,,100,50,26,14,100
Sonia's Book,ソニアのほん,,Key,,100,50,7,62,100
Soot Sack,はいぶくろ,,Key,,100,50,98,93,100
Soothe Bell,やすらぎのすず,,Held,,100,"2,000",98,72,100
Soul Dew,こころのしずく,,Held,,100,50,13,20,100
Space Mail,スペースメール,,Mail,,50,25,1,33,100
Sparkling Stone,かがやくいし,,Held,,100,50,65,5,100
Spell Tag,のろいのおふだ,,Held,,100,500,51,41,100
Spelon Berry,ノワキのみ,,Berry,,100,10,80,50,100
Splash Plate,しずくプレート,,Held,,100,500,82,12,100
Spooky Plate,もののけプレート,,Held,,100,500,2,58,100
Sport Ball,コンペボール,,Poké Ball,,100,50,32,70,100
Spice Mix,スパイスセット,,Ingredient,,400,200,83,70,100
Sprayduck,コダックじょうろ,,Key,,100,50,63,94,100
Sprinklotad,ハスボーじょうろ,,Key,,100,50,17,85,100
Squirt Bottle,ゼニガメじょうろ,,Key,,100,50,51,27,100
Stable Mulch,ながながこやし,,Other,,100,100,33,40,100
Star Piece,ほしのかけら,,Treasure,,100,"6,000",50,40,100
Star Sweet,スターアメざいく,,Held,,100,250,71,99,100
Stardust,ほしのすな,,Other,,100,"1,500",83,4,100
Starf Berry,スターのみ,,Berry,,100,10,57,74,100
Steel Gem,はがねのジュエル,,Held,,100,100,18,77,100
Steel Mail,スチールメール,,Mail,,50,25,56,74,100
Steel Memory,スチールメモリ,,Held,,100,500,75,43,100
Steelium Z,ハガネZ,,Z-Crystal,,100,50,44,78,100
Steelixite,ハガネールナイト,,Mega Stone,,100,50,11,18,100
Sticky Barb,くっつきバリ,,Held,,100,"2,000",37,66,100
Stone Plate,がんせきプレート,,Held,,100,500,17,95,100
Storage Key,そうこのカギ,,Key,,100,50,73,38,100
Strange Souvenir,ふしぎなおきもの,,Treasure,,"3,000","1,500",66,38,100
Strawberry Sweet,いちごアメざいく,,Held,,100,250,10,17,100
Stretchy Spring,のびたバネ,,Treasure,,100,10,61,70,100
Style Card,おしゃれカード,,Key,,100,50,43,17,100
Suite Key,ルームキー,,Key,,100,50,60,96,100
Sun Flute,たいようのふえ,,Key,,100,50,82,90,100
Sun Stone,たいようのいし,,Evolutionary,,100,"1,500",38,21,100
Super Lure,シルバーコロン,,Other,,700,350,40,94,100
Super Potion,いいキズぐすり,,Medicine,,700,350,4,27,100
Super Repel,シルバースプレー,,Other,,700,350,62,79,100
Super Rod,すごいつりざお,,Key,,100,50,61,52,100
Surf Mail,なみのりメール,,Mail,,50,25,22,21,100
Surge Badge,だいだいバッジ,,Key,,100,50,3,33,100
Surprise Mulch,びっくりこやし,,Other,,100,100,93,48,100
Swampertite,ラグラージナイト,,Mega Stone,,100,50,28,4,100
Sweet Apple,あまーいりんご,,Evolutionary,,100,"1,100",24,27,100
Sweet Heart,ハートスイーツ,,Medicine,,100,"1,500",91,36,100
Swift Feather,しゅんぱつのハネ,,Other,,100,150,7,9,100
Tamato Berry,マトマのみ,,Berry,,100,10,74,11,100
Tanga Berry,タンガのみ,,Berry,,100,10,50,100,100
Tapunium Z,カプZ,,Z-Crystal,,100,50,54,25,100
Tart Apple,すっぱいりんご,,Evolutionary,,100,"1,100",87,19,100
Tea,おちゃ,,Key,,100,50,97,30,100
Teachy TV,おしえテレビ,,Key,,100,50,44,85,100
Terrain Extender,グランドコート,,Held,,100,"2,000",52,21,100
Thanks Mail,かんしゃメール,,Mail,,50,25,95,68,100
Thick Club,ふといホネ,,Held,,100,500,8,65,100
Throat Spray,のどスプレー,,Held,,100,"2,000",79,54,100
Thunder Stone,かみなりのいし,,Evolutionary,,100,"1,500",97,55,100
Tidal Bell,うみなりのスズ,,Key,,100,50,41,76,100
Timer Ball,タイマーボール,,Poké Ball,,"1,000",500,16,66,100
Timid Mint,おくびょうミント,,Other,,100,10,24,41,100
Tin of Beans,マメかん,,Ingredient,,400,200,34,8,100
Tiny Mushroom,ちいさなキノコ,,Treasure,,100,250,54,28,100
TM Case,わざマシンケース,,Key,,100,50,1,87,100
TMV Pass,TMVパス,,Key,,100,50,62,54,100
Town Map,タウンマップ,,Key,,100,50,40,63,100
Toxic Orb,どくどくだま,,Held,,100,"2,000",99,32,100
Toxic Plate,もうどくプレート,,Held,,100,500,91,6,100
Travel Trunk[2],いしょうトランク,,Key,,100,50,52,75,100
Tri-Pass,トライパス,,Key,,100,50,2,1,100
Tropic Mail,トロピカルメール,,Mail,,50,25,7,23,100
Tropical Shell,なんごくかいがら,,Treasure,,100,"1,000",79,49,100
Tunnel Mail,トンネルメール,,Mail,,50,25,3,3,100
Twisted Spoon,まがったスプーン,,Held,,100,500,15,21,100
Tyranitarite,バンギラスナイト,,Mega Stone,,100,50,83,63,100
Ultra Ball,ハイパーボール,,Poké Ball,,800,400,83,17,100
Ultranecrozium Z,ウルトラネクロZ,,Z-Crystal,,100,50,50,49,100
Unown Report,アンノーンノート,,Key,,100,50,27,22,100
Upgrade,アップグレード,,Held,,100,"1,000",46,37,100
Utility Umbrella,ばんのうがさ,,Held,,100,"2,000",56,4,100
Venusaurite,フシギバナイト,,Mega Stone,,100,50,73,10,100
Vs. Recorder,バトルレコーダー,,Key,,100,50,84,99,100
Vs. Seeker,バトルサーチャー,,Key,,100,50,73,26,100
Wacan Berry,ソクノのみ,,Berry,,100,10,1,68,100
Wailmer Pail,ホエルコじょうろ,,Key,,100,50,26,13,100
Water Gem,みずのジュエル,,Held,,100,100,53,8,100
Water Memory,ウオーターメモリ,,Held,,100,500,88,77,100
Water Stone,みずのいし,,Evolutionary,,100,"1,500",78,85,100
Waterium Z,ミズZ,,Z-Crystal,,100,50,88,77,100
Watmel Berry,カイスのみ,,Berry,,100,10,44,83,100
Wave Incense,さざなみのおこう,,Held,,"2,000","1,000",72,54,100
Wave Mail,クロスメール,,Mail,,50,25,58,0,100
Weakness Policy,じゃくてんほけん,,Held,,100,500,32,60,100
Wepear Berry,セシナのみ,,Berry,,100,10,38,95,100
Whipped Dream,ホイップポップ,,Held,,100,"1,000",72,61,100
White Apricorn,しろぼんぐり,,Other,,100,50,11,51,100
White Flute,しろいビードロ,,Other,,100,10,42,83,100
White Herb,しろいハーブ,,Held,,100,"2,000",3,40,100
White Mane Hair,しろいたてがみ,,Key,,100,50,32,16,100
Wide Lens,こうかくレンズ,,Held,,100,"2,000",73,63,100
Wiki Berry,ウイのみ,,Berry,,100,10,57,95,100
Wise Glasses,ものしりメガネ,,Held,,100,"2,000",72,0,100
Wishing Chip[2],ねがいのかけら,,Unknown,,100,50,17,39,100
Wishing Piece,ねがいのかたまり,,Other,,100,10,66,68,100
Wishing Star,ねがいぼし,,Key,,100,50,34,83,100
Wood Mail,ウッディメール,,Mail,,50,25,89,9,100
Wooden Crown,きぼりのかんむ,,Key,,100,50,46,46,100
Works Key,はつでんしょキー,,Key,,100,50,60,71,100
X Accuracy,ヨクアタール,,Battle,,"1,000",500,89,51,100
X Attack,プラスパワー,,Battle,,"1,000",500,7,96,100
X Defense,ディフェンダー,,Battle,,"2,000","1,000",65,57,100
X Sp. Atk,スペシャルアップ,,Battle,,"1,000",500,22,66,100
X Sp. Def,スペシャルガード,,Battle,,"2,000","1,000",17,73,100
X Speed,スピーダー,,Battle,,"1,000",500,85,54,100
Xtransceiver,ライブキャスター,,Key,,100,50,83,21,100
Yache Berry,ヤチェのみ,,Berry,,100,10,21,75,100
Yellow Apricorn,きぼんぐり,,Other,,100,50,94,6,100
Yellow Flute,きいろビードロ,,Other,,100,10,23,94,100
Yellow Nectar,やまぶきのミツ,,Other,,100,150,84,88,100
Yellow Petal,きいろのはなびら,,Key,,100,50,95,88,100
Yellow Scarf,きいろのバンダナ,,Held,,100,50,31,85,100
Yellow Shard,きいろいかけら,,Other,,100,500,80,68,100
Z-Power Ring,Zパワーリング,,Key,,100,50,85,65,100
Z-Ring,Zリング,,Key,,100,50,70,21,100
Zap Plate,いかずちプレート,,Held,,100,500,80,54,100
Zinc,キトサン,,Vitamin,,"10,000","5,000",14,77,100
Zoom Lens,フォーカスレンズ,,Held,,100,"2,000",69,28,100
Zygarde Cube,ジガルデキューブ,,Key,,100,50,21,25,100